,group,accuracy,precision,recall,f1,roc_auc
0,PP_mean,0.7115384615384616,0.8512396694214877,0.64375,0.7330960854092526,0.731875
1,PP_cls,0.7038461538461539,0.7902097902097902,0.70625,0.745874587458746,0.703125
2,VP_mean,0.6610169491525424,0.5757575757575758,0.76,0.6551724137931034,0.6741176470588236
3,VP_cls,0.6779661016949152,0.6,0.72,0.6545454545454547,0.6835294117647058
4,NP_mean,0.6944444444444444,0.25,0.6,0.35294117647058826,0.6548387096774193
5,NP_cls,0.4722222222222222,0.1111111111111111,0.4,0.1739130434782609,0.4419354838709677
