,group,accuracy,precision,recall,f1,roc_auc
0,PP_mean,0.6807692307692308,0.8598130841121495,0.575,0.6891385767790262,0.7124999999999999
1,PP_cls,0.7153846153846154,0.8115942028985508,0.7,0.7516778523489933,0.72
2,VP_mean,0.7288135593220338,0.68,0.68,0.68,0.7223529411764705
3,VP_cls,0.6949152542372882,0.6666666666666666,0.56,0.6086956521739131,0.6770588235294118
4,NP_mean,0.75,0.3,0.6,0.4,0.6870967741935484
5,NP_cls,0.6666666666666666,0.18181818181818182,0.4,0.25000000000000006,0.5548387096774193
